Role	Location	Rate
GSO Quality Assurance Analyst	ONSHORE	65.10
GSO Quality Assurance Lead	ONSHORE	75.60
GSO Business Analyst	ONSHORE	78.80
GSO Business Analyst Lead	ONSHORE	92.40
GSO Developer	ONSHORE	67.20
GSO Developer (Non-Core)	ONSHORE	73.90
GSO Application Designer	ONSHORE	78.80
GSO Application Designer (Non-Core)	ONSHORE	86.60
GSO DBA	ONSHORE	78.80
GSO DBA Lead	ONSHORE	98.70
GSO Architect	ONSHORE	91.90
GSO Architect (Non-Core)	ONSHORE	101.10
GSO Senior Architect	ONSHORE	115.50
GSO Senior Architect(Non Core)	ONSHORE	127.10
GSO Project Manager	ONSHORE	91.90
GSO Senior Project Manager	ONSHORE	131.30
GSO Infrastructure Engineer	ONSHORE	72.50
GSO Infrastructure Engineer(Non Core)	ONSHORE	79.70
GSO Infrastructure Senior Engineer	ONSHORE	90.80
GSO Infrastructure Senior Engineer(Non core)	ONSHORE	99.90
GSO IT Operations	ONSHORE	63.00
GSO Senior IT Operations	ONSHORE	73.00
GSO Lead Project Manager	ONSHORE	115.00
GSO Domain Consultant	ONSHORE	127.00
GSO Sr. Domain Consultant	ONSHORE	140.00
GSO Quality Assurance Analyst	OFFSHORE	23.30
GSO Quality Assurance Lead	OFFSHORE	29.00
GSO Business Analyst	OFFSHORE	26.90
GSO Business Analyst Lead	OFFSHORE	36.20
GSO Developer	OFFSHORE	24.30
GSO Developer (Non-Core)	OFFSHORE	26.80
GSO Application Designer	OFFSHORE	30.00
GSO Application Designer (Non-Core)	OFFSHORE	33.00
GSO DBA	OFFSHORE	26.90
GSO DBA Lead	OFFSHORE	36.20
GSO Architect	OFFSHORE	33.10
GSO Architect (Non-Core)	OFFSHORE	36.40
GSO Senior Architect	OFFSHORE	44.50
GSO Senior Architect(Non Core)	OFFSHORE	49.00
GSO Project Manager	OFFSHORE	33.10
GSO Senior Project Manager	OFFSHORE	40.90
GSO Infrastructure Engineer	OFFSHORE	26.90
GSO Infrastructure Engineer(Non Core)	OFFSHORE	29.60
GSO Infrastructure Senior Engineer	OFFSHORE	33.10
GSO Infrastructure Senior Engineer(Non core)	OFFSHORE	36.40
GSO IT Operations	OFFSHORE	20.20
GSO Senior IT Operations	OFFSHORE	24.80
GSO Lead Project Manager	OFFSHORE	37.00
GSO Domain Consultant	OFFSHORE	49.00
GSO Sr. Domain Consultant	OFFSHORE	53.00